["PPO", {"host": "127.0.0.1", "port": 2000, "delta_seconds": 0.05, "Lidar_Depth": "30", "Lidar_Resolution": 1, "Lidar_PPS": "9000", "Lidar_RPS": "7,", "observation_format": "grid", "Points_Per_Observation": 250, "reward_for_speed": 0, "speed_limit": 50, "reward_for_displacement": 1, "displacement_reset": 50, "reward_for_destination": 0, "destination_bonus": 1, "exponentialize_reward": 1, "steps_b4_reset": 10000, "min_speed": 1, "min_speed_punishment": -0.1, "turn_punishment": 0.5, "collision_course_punishment": 0.25, "collision_course_range": 10, "action_format": "continuous", "discrete_actions": 21, "action_possibilities": 1, "steer_cap": 1, "throttle_cap": 1, "constant_throttle": 0.5, "turn_throttle_reduction": 0}, {"n_steps": 2048, "batch_size": 64, "n_epochs": 10, "gae_lambda": 0.95, "clip_range": 0.45, "clip_range_vf": null, "normalize_advantage": true, "ent_coef": 1e-05, "vf_coef": 0.5, "max_grad_norm": 0.5, "use_sde": false, "sde_sample_freq": -1, "rollout_buffer_class": null, "rollout_buffer_kwargs": null, "target_kl": null, "policy": "MlpPolicy", "learning_rate": 1e-05, "gamma": 0.99}]